cod_clifor,nomeclifor
1,Larissa da Cruz
2,João Teixeira
3,Lorenzo Santos
4,Maria Cecília Nunes
5,Guilherme da Cunha
6,Ana Cecília Moreira
7,Lívia Pereira
8,Alana Borges
9,Vitória Pinto
10,Lorenzo Alves
11,Catarina Carvalho
12,Ana Beatriz Fogaça
13,Ian Borges
14,Dra. Daniela Montenegro
15,Sr. Thomas Abreu
16,Murilo Rios
17,Lucca Borges
18,Anna Liz Farias
19,Isabelly Silva
20,Anthony Gabriel Vargas
21,Sr. Isaac da Rosa
22,Marcela Teixeira
23,Luiz Fernando Brito
24,Asafe Viana
25,Carlos Eduardo Azevedo
26,Dra. Clara Jesus
27,Antony Ribeiro
28,Maria Flor Marques
29,Dr. Davi Lucas Cavalcante
30,João Miguel Câmara
31,Luiz Henrique Marques
32,Sr. Cauã da Cunha
33,Juliana Castro
34,Ana Lívia Dias
35,José Pedro Fogaça
36,Luiz Henrique Fonseca
37,Marcos Vinicius Silveira
38,Matteo Moraes
39,Maria Julia Câmara
40,Otto Santos
41,Carlos Eduardo Novais
42,Pedro Sales
43,Vitor Hugo Mendonça
44,Matheus Gomes
45,Henrique Câmara
46,Luiz Henrique Rezende
47,Antonella Mendonça
48,Isaac Pacheco
49,Léo Lima
50,Renan Azevedo
51,Maria Fernanda Teixeira
52,Maria Julia Vasconcelos
53,Ana Laura Ferreira
54,Melina Pacheco
55,Maria Clara Sales
56,Isaque Moreira
57,Diego Moraes
58,Sra. Bárbara Leão
59,Mariah Câmara
60,Melissa Cirino
61,Gabrielly Sales
62,Nicolas Souza
63,Hadassa Lopes
64,Luara Caldeira
65,Oliver Teixeira
66,Sr. Benjamin da Rocha
67,Lívia Vargas
68,Bianca da Costa
69,Benjamim Rios
70,Maria Clara Santos
71,Kevin Cassiano
72,Juliana Viana
73,Luna Fogaça
74,Mariane Aragão
75,Ana Clara Silveira
76,André Viana
77,Gabriel Vasconcelos
78,Marcelo Cardoso
79,Dr. Thiago Lopes
80,Luiz Fernando Fernandes
81,Lívia Jesus
82,Brayan Costa
83,Caleb Camargo
84,Anthony Gabriel Rezende
85,Sra. Beatriz da Conceição
86,Dra. Luísa Viana
87,Dra. Julia da Cruz
88,Emanuel da Rosa
89,Maria Casa Grande
90,Anna Liz Jesus
91,Ravi Ferreira
92,Beatriz Sousa
93,Beatriz Pires
94,Daniel Moraes
95,Rael Azevedo
96,Ana Liz Ribeiro
97,Thales Nogueira
98,Dra. Kamilly Siqueira
99,Olivia Cardoso
100,Benicio Martins
101,Sr. Rhavi Caldeira
102,Ravi Carvalho
103,Ryan Caldeira
104,Luiz Otávio Carvalho
105,Alice das Neves
106,Sr. Gael Henrique Mendes
107,Ana Luiza Pires
108,Sr. Luan Aragão
109,Pietra Abreu
110,Sophia Sampaio
111,Lucca Rocha
112,Augusto Melo
113,Ana Lívia Novais
114,Igor Costela
115,Calebe da Costa
116,Dra. Ana Sophia Campos
117,Luiz Otávio Fernandes
118,Davi Lucas Leão
119,Mariah Duarte
120,Rodrigo Novaes
121,Anthony Rodrigues
122,Cauã Pacheco
123,Heloísa Novais
124,Bárbara Sá
125,Ana Julia Nunes
126,Renan Guerra
127,Catarina Pereira
128,Caleb Correia
129,Vitor Barbosa
130,Nicolas Leão
131,Gabriela Pimenta
132,Rhavi Peixoto
133,Bento Araújo
134,Sr. Valentim Costa
135,Ana Cecília Correia
136,Enzo Rocha
137,Maria Isis Viana
138,Erick Souza
139,Srta. Ana Vitória Vasconcelos
140,Dr. Oliver Nogueira
141,Ana Marques
142,Yan Almeida
143,Ana Sá
144,Rafael da Mata
145,Laura Pires
146,Enrico Almeida
147,Pietra Aparecida
148,Benicio Sousa
149,Sr. João Lucas da Cunha
150,Rodrigo Montenegro
151,Otávio Moura
152,Sr. Rodrigo Sales
153,Leonardo da Cruz
154,Olivia Camargo
155,Henry Gabriel Nascimento
156,Sra. Rafaela Cavalcanti
157,Ana Júlia das Neves
158,Davi Lucas Albuquerque
159,Daniel Camargo
160,Valentim Nogueira
161,Pedro Henrique Macedo
162,Bento Cirino
163,Liam Gomes
164,Dr. Raul Monteiro
165,Samuel Peixoto
166,Bernardo Ferreira
167,Dr. Theo Aragão
168,Enrico Machado
169,Ana Luiza Farias
170,João Pinto
171,Sra. Emanuella Campos
172,Maria Cecília Casa Grande
173,Enzo Martins
174,Ana Ribeiro
175,Srta. Joana Andrade
176,Maria Helena Barbosa
177,Dr. Raul da Mota
178,Bella Rodrigues
179,Benjamin Almeida
180,Rebeca Sales
181,Sr. Thiago Costa
182,Benício Teixeira
183,Manuela Sampaio
184,Maria Liz Aparecida
185,Carlos Eduardo Andrade
186,Alexandre Macedo
187,Caleb Sales
188,Sr. Theo Monteiro
189,Matteo da Cunha
190,Dra. Julia Pimenta
191,Maria Alice Costela
192,Srta. Julia Pinto
193,Lara Pimenta
194,Ana Laura Lopes
195,Luiz Gustavo Fernandes
196,Gabrielly da Cunha
197,Manuela da Conceição
198,Sr. José Miguel Fogaça
199,Alícia da Cunha
200,Raul Rocha
201,Marina Freitas
202,Fernanda Teixeira
203,Davi Luiz Rezende
204,Srta. Gabrielly da Mota
205,Isaque Andrade
206,Cecilia Marques
207,Sr. Rodrigo Ferreira
208,Raul Brito
209,Sr. Augusto Caldeira
210,Rafael Camargo
211,Sra. Maria Isis Farias
212,Sr. Bento Albuquerque
213,Davi da Cruz
214,Bento da Conceição
215,Ian Cavalcante
216,Dra. Raquel da Mota
217,Dra. Melina da Paz
218,Apollo da Rosa
219,Davi Cavalcante
220,Alícia Guerra
221,Davi Lucca Alves
222,Cecília Azevedo
223,João Pedro Novais
224,Léo Rocha
225,Lara Peixoto
226,Dra. Sarah Casa Grande
227,Manuela Silva
228,Cauê Caldeira
229,Benjamin Mendonça
230,Maria Isis Cavalcanti
231,Ravi Rezende
232,Henrique Montenegro
233,Emilly Silveira
234,Luigi Barros
235,Srta. Catarina Gomes
236,Carlos Eduardo Nogueira
237,Pedro Carvalho
238,Luísa Costela
239,Nicolas da Cunha
240,Ana Sousa
241,Vitor Gabriel Casa Grande
242,Jade Leão
243,Sr. Vinícius Pacheco
244,Thiago da Cruz
245,Luiz Miguel Teixeira
246,Eloah da Rocha
247,Srta. Juliana Melo
248,Anthony Gabriel Aparecida
249,Natália Cavalcanti
250,Dra. Luísa Lima
251,Luísa Sousa
252,Maria Júlia Barros
253,Caio Oliveira
254,Srta. Zoe Martins
255,Luiz Felipe Cirino
256,Benício Rios
257,Dra. Olivia Fernandes
258,Stella da Cruz
259,Yago Costa
260,Laís Almeida
261,Rhavi Mendes
262,Manuela Viana
263,Pedro da Rocha
264,Luiz Otávio Alves
265,Olivia Sousa
266,Dante Montenegro
267,Gabriela Peixoto
268,Helena Guerra
269,Francisco Nunes
270,Davi Lucca Ferreira
271,Beatriz da Paz
272,Kaique Viana
273,Ravi Mendonça
274,Dante Mendes
275,Alice Vasconcelos
276,Sophie da Paz
277,Lorenzo Abreu
278,Thomas da Mota
279,Rebeca Rios
280,Sr. Otto Alves
281,Laura Rocha
282,Srta. Milena Andrade
283,Srta. Manuela Aragão
284,Eloah Viana
285,Bruna Viana
286,Aylla Duarte
287,Sr. Samuel Carvalho
288,Calebe das Neves
289,Luiz Henrique Rios
290,Sra. Luara Nascimento
291,Dr. Lorenzo Oliveira
292,Agatha Montenegro
293,Maria Clara da Cunha
294,Maysa Campos
295,Thiago Rocha
296,Dr. João Garcia
297,Nathan Rodrigues
298,Dr. Alexandre Lima
299,Sr. Yuri Pereira
300,Gael Henrique Monteiro
301,Alícia Cassiano
302,Matteo Santos
303,Agatha Alves
304,Ana Sophia Costela
305,Anthony Gabriel Gomes
306,Laura Fogaça
307,Caleb Pacheco
308,Cauê Pires
309,Dr. Luiz Gustavo Costela
310,Kaique das Neves
311,Carlos Eduardo Guerra
312,Pedro Miguel Viana
313,Alexandre Aragão
314,Helena Pires
315,Alana Ramos
316,Eduarda Pereira
317,Sr. Erick Vieira
318,Maria Vitória Fernandes
319,Josué Martins
320,Emilly Fernandes
321,Rebeca Borges
322,Vitória Barros
323,Sra. Maria Fernanda Cirino
324,João Vitor Nogueira
325,Alice Martins
326,Evelyn Moraes
327,Esther Azevedo
328,Henry Farias
329,Sophie Fernandes
330,Rafael Cunha
331,Laís Monteiro
332,Joaquim Nunes
333,Benjamim Azevedo
334,Brenda Moraes
335,Vinicius da Rosa
336,Bryan da Luz
337,Henry Marques
338,Arthur Miguel da Luz
339,Srta. Alexia Barbosa
340,Dr. Luigi Mendonça
341,Lucca Fogaça
342,Lara Martins
343,Ravi Lucca Aparecida
344,Henry Gabriel Leão
345,Ana Luiza Silva
346,Dra. Maria Cecília Correia
347,Amanda Ribeiro
348,Hellena Azevedo
349,Rafael Sousa
350,Jade Abreu
351,Kevin Lopes
352,Pedro Henrique Aparecida
353,Léo Pacheco
354,Dr. Carlos Eduardo Albuquerque
355,Sr. Luan Oliveira
356,Dr. João Macedo
357,Yago Souza
358,Maria Liz Rocha
359,Breno Almeida
360,Maitê Melo
361,Srta. Lavínia da Conceição
362,Mathias Casa Grande
363,Gustavo Henrique Castro
364,Heitor da Mota
365,Lunna Sousa
366,Dra. Lorena Moraes
367,Pedro Lucas Sales
368,Josué Vargas
369,Luiz Felipe Campos
370,Nina Vasconcelos
371,Vitor Gabriel Albuquerque
372,Olívia Peixoto
373,Sr. Marcos Vinicius Cardoso
374,Melina Sampaio
375,José Santos
376,Mathias da Paz
377,Dra. Bianca Leão
378,Mariane Barros
379,Ana Clara Carvalho
380,Vinicius Sá
381,Olivia Lopes
382,Mathias Pereira
383,Srta. Larissa Moreira
384,Sra. Natália da Conceição
385,Luna Abreu
386,Yuri Fogaça
387,Dr. Asafe Vargas
388,Benjamin Siqueira
389,Luiz Fernando Gomes
390,Giovanna da Mota
391,Kaique Monteiro
392,Srta. Stella Garcia
393,Julia Azevedo
394,Gael Henrique da Conceição
395,Pedro Henrique Barbosa
396,Manuella Montenegro
397,Agatha das Neves
398,Lívia Fonseca
399,Isaque da Rosa
400,Melissa Silva
401,Alexia da Paz
402,Maria Isis Carvalho
403,Carlos Eduardo Freitas
404,João Miguel Rocha
405,Dra. Mariane Pereira
406,Bárbara Azevedo
407,Dr. Vitor Hugo Câmara
408,Emilly Lopes
409,Isaque Rezende
410,Sofia Vasconcelos
411,Arthur Guerra
412,Pietra da Conceição
413,Igor Farias
414,Augusto Viana
415,Augusto Vasconcelos
416,Maria Fernanda Correia
417,Sofia Abreu
418,Elisa Moraes
419,Sr. José Pedro da Rosa
420,Rafael Gonçalves
421,Isis da Luz
422,Enzo Novais
423,Maya Barbosa
424,Maria Sophia Porto
425,Cecília Almeida
426,Joaquim Lima
427,Miguel Ribeiro
428,Ana Laura Correia
429,Cauã da Cunha
430,Pedro Santos
431,Theo Macedo
432,Srta. Luana Garcia
433,João Guilherme Aragão
434,Emanuelly da Conceição
435,Lara Campos
436,Mariana Sampaio
437,Diego Peixoto
438,Juliana Nunes
439,Vitor Gonçalves
440,Lucas Mendonça
441,Vitor da Conceição
442,Sr. Luiz Fernando Albuquerque
443,Dr. Pedro Lucas Pacheco
444,Sr. Luiz Miguel da Costa
445,Oliver Guerra
446,Josué Gonçalves
447,Josué Macedo
448,Caio Costa
449,Dom Nunes
450,Sr. Vinicius Alves
451,Maria Luiza Guerra
452,Maria Cecília Pereira
453,Maitê Novaes
454,Mateus Barbosa
455,Srta. Bárbara Oliveira
456,Melissa Barbosa
457,Leandro Novaes
458,Letícia Vieira
459,Fernando Almeida
460,Dr. Paulo Macedo
461,João Gomes
462,Cecilia Lima
463,Sr. Luigi da Luz
464,Dra. Evelyn Mendes
465,Ayla Moura
466,Ana Julia Vasconcelos
467,Sra. Alícia Lopes
468,Sr. João Rodrigues
469,Isabelly Fogaça
470,Joaquim Rocha
471,Eloah Aparecida
472,Sra. Lunna Barros
473,Asafe Nunes
474,Manuella da Luz
475,Isis Albuquerque
476,Ravy Duarte
477,Clara Garcia
478,Helena Albuquerque
479,Arthur Gabriel Pacheco
480,Lucas Gabriel Sampaio
481,Aurora Camargo
482,Lucca da Mata
483,Sofia Ribeiro
484,Levi Cassiano
485,João Felipe Leão
486,Davi da Mata
487,Apollo da Cunha
488,Breno Garcia
489,Henrique Costela
490,Sr. Luan Teixeira
491,Benicio Gonçalves
492,Ana Julia Pires
493,Josué Cassiano
494,Henrique Melo
495,Caleb Lima
496,Sr. Emanuel Aragão
497,Nicole Câmara
498,Melissa Cavalcante
499,Rebeca Novaes
500,Ester Rios
501,Dr. Lorenzo Oliveira
502,Amanda Moraes
503,André Borges
504,João Guilherme Oliveira
505,Ana Júlia Casa Grande
506,Maria Cecília Sampaio
507,Joana Machado
508,Theo Porto
509,Theo Rezende
510,Sr. Davi Luiz Camargo
511,Ana Liz Silva
512,Alana Vieira
513,Sr. Luiz Felipe Pastor
514,Ana Lívia da Conceição
515,Maria Cecília da Paz
516,Oliver Gomes
517,Ana Cirino
518,Maitê da Conceição
519,Davi Miguel Machado
520,Helena Camargo
521,Luiz Miguel Monteiro
522,Ryan da Cruz
523,Sofia Lima
524,Isabela da Rocha
525,Dr. Vitor Gomes
526,Sr. Augusto Moraes
527,Sra. Catarina Pereira
528,Lucas Vasconcelos
529,Dr. José Ramos
530,Sra. Helena Rios
531,Lucas Aragão
532,Arthur Santos
533,Luara Costela
534,Milena Alves
535,Sra. Liz da Cruz
